{
    "BELCONNEN": [
        777.3824738966226,
        631.5807191475884
    ],
    "CONDER": [
        778.0181912649149,
        637.146469745919
    ],
    "CURTIN": [
        777.700599069671,
        633.7827768199056
    ],
    "FRANKLIN": [
        779.1132189793731,
        630.6405351963829
    ],
    "KALEEN": [
        778.3272817089426,
        631.2538865387722
    ],
    "MACQUARIE": [
        777.2037925481546,
        631.8351692769759
    ],
    "MANUKA": [
        778.8007127302245,
        633.6239165790466
    ],
    "WODEN": [
        777.9797176039542,
        634.3067000487251
    ],
    "LEFT": [
        13.05425773694264,
        314.25578232043074
    ],
    "BOTTOMRIGHT": [
        727.0322419447207,
        844.2540092464643
    ],
    "CANBERRA CIVIC": [
        778.819986243388,
        632.6086456589506
    ],
    "TUGGERANONG": [
        777.8452388883961,
        636.3137125771358
    ],
    "JUNCTION": [
        777.8366335625458,
        635.4880955646909
    ],
    "RIGHT": [
        875.1416274988716,
        464.1781366799682
    ],
    "TOP": [
        634.1218895242698,
        10.260650520739825
    ],
    "BEN BUCKLER": [
        825.1948705341321,
        597.417169773174
    ],
    "CANTERBURY": [
        821.5379264028523,
        598.0414505987478
    ],
    "GYMEA BAY": [
        820.9647443777064,
        601.4494393615263
    ],
    "HAMILTON SOUTH": [
        835.3458881209693,
        573.125625391755
    ],
    "HECKENBERG": [
        816.7773470734593,
        597.8579077727196
    ],
    "THE JUNCTION": [
        835.4538840972691,
        573.3106636711875
    ],
    "ILLAWONG": [
        819.8778882703183,
        600.2184885752131
    ],
    "LAKEMBA": [
        820.7506405043739,
        598.1836859601525
    ],
    "MENAI": [
        819.3980938824534,
        600.5601109647299
    ],
    "TEMPE": [
        822.5473842070991,
        598.3105789834971
    ],
    "BAINES": [
        353.53764901582315,
        124.03914315738368
    ],
    "CASUARINA": [
        385.017018510087,
        52.026593276632326
    ],
    "DARWIN CITY": [
        384.1683430628515,
        54.33776328478499
    ],
    "ILPARPA": [
        448.5398443762033,
        340.49814059826474
    ],
    "COSTELLO": [
        516.9502450199561,
        274.55599093841704
    ],
    "SEASWIFT": [
        384.10946519897135,
        53.63207149668794
    ],
    "BONOGIN": [
        869.7300211755819,
        451.4176000701356
    ],
    "BRISBANE": [
        862.8037631389712,
        434.7080982305639
    ],
    "HERSTON": [
        862.7770430411763,
        434.1432426678053
    ],
    "NEW FARM": [
        863.2380300017311,
        434.62472290128085
    ],
    "PETRIE TERRACE": [
        862.5274044371257,
        434.57018701069745
    ],
    "SEVENTEEN MILE ROCKS": [
        861.3572980597701,
        436.7497013566131
    ],
    "SHERWOOD": [
        861.8740966434742,
        436.27733831956954
    ],
    "ST LUCIA": [
        862.1734057579935,
        435.5101174952242
    ],
    "SUNNYBANK HILLS": [
        863.5048317857754,
        437.9779577921321
    ],
    "SURFERS PARADISE": [
        871.3632528981262,
        448.0924391486143
    ],
    "BAROSSA GOLDFIELDS": [
        556.4469342199244,
        616.8607279622651
    ],
    "BIGGS FLAT": [
        555.3271090118175,
        627.3679888880207
    ],
    "EDEN HILLS": [
        551.5089013330386,
        626.2080493264048
    ],
    "LIGHT PASS": [
        560.6615047609907,
        612.1373003651707
    ],
    "OAKLANDS PARK": [
        550.3062962564271,
        625.892848303473
    ],
    "ONKAPARINGA HILLS": [
        550.3130393966679,
        628.9978429985645
    ],
    "PALKAGEE": [
        484.32364188003515,
        585.2228675848322
    ],
    "ROSETOWN": [
        578.7703082169694,
        671.7778172224941
    ],
    "SEACLIFF PARK": [
        550.0154586838559,
        626.5026232310261
    ],
    "STIRLING": [
        554.0279119576818,
        625.6757819745234
    ],
    "BURNIE": [
        709.1454830840223,
        778.9623666094327
    ],
    "DEVONPORT": [
        718.6439135840367,
        782.1248804979158
    ],
    "BRIDGEWATER": [
        737.9665685956477,
        821.6037300454628
    ],
    "HOBART": [
        739.8020988410411,
        825.3548138391612
    ],
    "LAUNCESTON": [
        735.8828325286423,
        788.6177589788334
    ],
    "ROSNY": [
        740.4541939483518,
        825.114803706458
    ],
    "SORELL": [
        744.9195424144431,
        822.7919995777543
    ],
    "SOUTH LAUNCESTON": [
        735.9083787805837,
        789.1658223741298
    ],
    "ULVERSTONE": [
        715.2352205882711,
        781.9526422857565
    ],
    "WEST LAUNCESTON": [
        735.5615893275457,
        789.068384713514
    ],
    "BELMONT": [
        675.4273651359831,
        706.0422944936898
    ],
    "BRAYBROOK": [
        686.5695293948789,
        696.1703832833656
    ],
    "BRUNSWICK": [
        688.7998753564625,
        695.6922082553798
    ],
    "EAST MELBOURNE": [
        689.2611298848221,
        696.7894883193608
    ],
    "SOUTH MELBOURNE": [
        688.6660914540747,
        697.3982138948643
    ],
    "SWAN HILL": [
        658.202847381128,
        634.1818119468089
    ],
    "YARRA JUNCTION": [
        702.8697967444787,
        696.060472527492
    ],
    "YARRAGON": [
        712.5337244051615,
        706.7613972037555
    ],
    "YARRAVILLE WEST": [
        686.6785675909344,
        696.998775755942
    ],
    "YARRAVILLE": [
        687.0750599215141,
        697.0415812086363
    ],
    "ALBANY": [
        104.50635267453869,
        626.2548189979537
    ],
    "BUSSELTON": [
        49.828867453077514,
        591.4782503224991
    ],
    "COTTESLOE": [
        58.67104907139227,
        549.255119579615
    ],
    "GERALDTON": [
        33.85756608822948,
        467.7762710757542
    ],
    "KALAMUNDA": [
        65.15906556865937,
        548.8409676999955
    ],
    "KARRATHA": [
        82.10499992484051,
        263.99568450614845
    ],
    "MOUNT MELVILLE": [
        104.20412189221564,
        625.9167730232729
    ],
    "NORTH PERTH": [
        60.6712586694054,
        547.6764632034967
    ],
    "PERTH": [
        60.86151232543013,
        548.3083024054284
    ],
    "ROCKINGHAM": [
        58.139029332084135,
        556.5658564579433
    ],
    "SERPENTINE": [
        63.35259448154748,
        558.6846477916492
    ],
    "SOUTH HEDLAND": [
        119.88222073034662,
        255.67964301752974
    ],
    "GIBSON DESERT SOUTH": [
        270.26519465582066,
        371.31448758878037
    ],
    "GASCOYNE RIVER": [
        84.07927702383911,
        376.44797864796686
    ],
    "WA": [
        186.47371701528544,
        398.02496587145714
    ],
    "SA": [
        469.0534372134543,
        490.5775530505758
    ],
    "NT": [
        448.191846552434,
        242.2199287132421
    ],
    "QLD": [
        679.5658471614687,
        339.4160761390047
    ],
    "NSW": [
        702.3239454759079,
        561.1687530453275
    ],
    "VIC": [
        671.1261954117795,
        676.7543566449123
    ],
    "TAS": [
        722.7756697317199,
        813.3561042827519
    ],
    "ACT": [
        775.2313236896431,
        640.0255495903084
    ]
}