{
    "BELCONNEN": [
        782.3824738966226,
        618.5807191475884
    ],
    "CONDER": [
        783.0181912649149,
        624.146469745919
    ],
    "CURTIN": [
        782.700599069671,
        620.7827768199056
    ],
    "FRANKLIN": [
        784.1132189793731,
        617.6405351963829
    ],
    "KALEEN": [
        783.3272817089426,
        618.2538865387722
    ],
    "MACQUARIE": [
        782.2037925481546,
        618.8351692769759
    ],
    "MANUKA": [
        783.8007127302245,
        620.6239165790466
    ],
    "WODEN": [
        782.9797176039542,
        621.3067000487251
    ],
    "LEFT": [
        18.05425773694264,
        301.25578232043074
    ],
    "BOTTOMRIGHT": [
        729.0322419447207,
        846.2540092464643
    ],
    "CANBERRA CIVIC": [
        783.819986243388,
        619.6086456589506
    ],
    "TUGGERANONG": [
        782.8452388883961,
        623.3137125771358
    ],
    "JUNCTION": [
        782.8366335625458,
        622.4880955646909
    ],
    "RIGHT": [
        880.1416274988716,
        451.1781366799682
    ],
    "TOP": [
        642.1218895242698,
        24.260650520739823
    ],
    "BEN BUCKLER": [
        830.1948705341321,
        584.417169773174
    ],
    "CANTERBURY": [
        826.5379264028523,
        585.0414505987478
    ],
    "GYMEA BAY": [
        825.9647443777064,
        588.4494393615263
    ],
    "HAMILTON SOUTH": [
        840.3458881209693,
        560.125625391755
    ],
    "HECKENBERG": [
        821.7773470734593,
        584.8579077727196
    ],
    "THE JUNCTION": [
        840.4538840972691,
        560.3106636711875
    ],
    "ILLAWONG": [
        824.8778882703183,
        587.2184885752131
    ],
    "LAKEMBA": [
        825.7506405043739,
        585.1836859601525
    ],
    "MENAI": [
        824.3980938824534,
        587.5601109647299
    ],
    "TEMPE": [
        827.5473842070991,
        585.3105789834971
    ],
    "BAINES": [
        361.53764901582315,
        138.03914315738368
    ],
    "CASUARINA": [
        393.017018510087,
        66.02659327663233
    ],
    "DARWIN CITY": [
        392.1683430628515,
        68.33776328478498
    ],
    "ILPARPA": [
        453.5398443762033,
        327.49814059826474
    ],
    "COSTELLO": [
        524.9502450199561,
        288.55599093841704
    ],
    "SEASWIFT": [
        392.10946519897135,
        67.63207149668794
    ],
    "BONOGIN": [
        874.7300211755819,
        438.4176000701356
    ],
    "BRISBANE": [
        867.8037631389712,
        421.7080982305639
    ],
    "HERSTON": [
        867.7770430411763,
        421.1432426678053
    ],
    "NEW FARM": [
        868.2380300017311,
        421.62472290128085
    ],
    "PETRIE TERRACE": [
        867.5274044371257,
        421.57018701069745
    ],
    "SEVENTEEN MILE ROCKS": [
        866.3572980597701,
        423.7497013566131
    ],
    "SHERWOOD": [
        866.8740966434742,
        423.27733831956954
    ],
    "ST LUCIA": [
        867.1734057579935,
        422.5101174952242
    ],
    "SUNNYBANK HILLS": [
        868.5048317857754,
        424.9779577921321
    ],
    "SURFERS PARADISE": [
        876.3632528981262,
        435.0924391486143
    ],
    "BAROSSA GOLDFIELDS": [
        561.4469342199244,
        603.8607279622651
    ],
    "BIGGS FLAT": [
        560.3271090118175,
        614.3679888880207
    ],
    "EDEN HILLS": [
        556.5089013330386,
        613.2080493264048
    ],
    "LIGHT PASS": [
        565.6615047609907,
        599.1373003651707
    ],
    "OAKLANDS PARK": [
        555.3062962564271,
        612.892848303473
    ],
    "ONKAPARINGA HILLS": [
        555.3130393966679,
        615.9978429985645
    ],
    "PALKAGEE": [
        489.32364188003515,
        572.2228675848322
    ],
    "ROSETOWN": [
        583.7703082169694,
        658.7778172224941
    ],
    "SEACLIFF PARK": [
        555.0154586838559,
        613.5026232310261
    ],
    "STIRLING": [
        559.0279119576818,
        612.6757819745234
    ],
    "BURNIE": [
        709.1454830840223,
        775.9623666094327
    ],
    "DEVONPORT": [
        718.6439135840367,
        779.1248804979158
    ],
    "BRIDGEWATER": [
        739.9665685956477,
        823.6037300454628
    ],
    "HOBART": [
        741.8020988410411,
        827.3548138391612
    ],
    "LAUNCESTON": [
        735.8828325286423,
        785.6177589788334
    ],
    "ROSNY": [
        742.4541939483518,
        827.114803706458
    ],
    "SORELL": [
        746.9195424144431,
        824.7919995777543
    ],
    "SOUTH LAUNCESTON": [
        735.9083787805837,
        786.1658223741298
    ],
    "ULVERSTONE": [
        715.2352205882711,
        778.9526422857565
    ],
    "WEST LAUNCESTON": [
        735.5615893275457,
        786.068384713514
    ],
    "BELMONT": [
        675.4273651359831,
        703.0422944936898
    ],
    "BRAYBROOK": [
        691.5695293948789,
        683.1703832833656
    ],
    "BRUNSWICK": [
        693.7998753564625,
        682.6922082553798
    ],
    "EAST MELBOURNE": [
        694.2611298848221,
        683.7894883193608
    ],
    "SOUTH MELBOURNE": [
        693.6660914540747,
        684.3982138948643
    ],
    "SWAN HILL": [
        663.202847381128,
        621.1818119468089
    ],
    "YARRA JUNCTION": [
        707.8697967444787,
        683.060472527492
    ],
    "YARRAGON": [
        712.5337244051615,
        703.7613972037555
    ],
    "YARRAVILLE WEST": [
        691.6785675909344,
        683.998775755942
    ],
    "YARRAVILLE": [
        692.0750599215141,
        684.0415812086363
    ],
    "ALBANY": [
        109.50635267453869,
        613.2548189979537
    ],
    "BUSSELTON": [
        54.828867453077514,
        578.4782503224991
    ],
    "COTTESLOE": [
        63.67104907139227,
        536.255119579615
    ],
    "GERALDTON": [
        38.85756608822948,
        454.7762710757542
    ],
    "KALAMUNDA": [
        70.15906556865937,
        535.8409676999955
    ],
    "KARRATHA": [
        90.10499992484051,
        277.99568450614845
    ],
    "MOUNT MELVILLE": [
        109.20412189221564,
        612.9167730232729
    ],
    "NORTH PERTH": [
        65.6712586694054,
        534.6764632034967
    ],
    "PERTH": [
        65.86151232543013,
        535.3083024054284
    ],
    "ROCKINGHAM": [
        63.139029332084135,
        543.5658564579433
    ],
    "SERPENTINE": [
        68.35259448154747,
        545.6846477916492
    ],
    "SOUTH HEDLAND": [
        127.88222073034662,
        269.67964301752977
    ],
    "GIBSON DESERT SOUTH": [
        275.26519465582066,
        358.31448758878037
    ],
    "GASCOYNE RIVER": [
        89.07927702383911,
        363.44797864796686
    ],
    "WA": [
        191.47371701528544,
        385.02496587145714
    ],
    "SA": [
        474.0534372134543,
        477.5775530505758
    ],
    "NT": [
        456.191846552434,
        256.2199287132421
    ],
    "QLD": [
        684.5658471614687,
        326.4160761390047
    ],
    "NSW": [
        707.3239454759079,
        548.1687530453275
    ],
    "VIC": [
        676.1261954117795,
        663.7543566449123
    ],
    "TAS": [
        724.7756697317199,
        815.3561042827519
    ],
    "ACT": [
        780.2313236896431,
        627.0255495903084
    ]
}